"id","0","11"
"1_Title","title","タイトル"
"1_Info","Info","説明"
"1_Constraint","Constraint","制約"

"8800_Title","Ally of Justice","正義の味方"
"8800_Info","Successfully carry out sheriffkill execution.","正義執行を成功させる"
"8801_Title","Professional Sheriff","プロ執行官"
"8801_Info","Successfully carry out sheriffkill execution 10 times.","正義執行を10回成功させる"
"8802_Title","Final Wish","最期の望"
"8802_Info","Use your death to stop an emergency sabotage.","緊急サボタージュを自身の死を使い、停止させる。"
"8802_Constraint","・An <emergency sabotage> is in progress ・15 seconds <or less remaining on the emergency sabotage> ・The sheriffkill execution has <failed>.","・<緊急サボタージュ>が発生している・<緊急サボタージュの残り時間>が15秒以下・正義執行が<失敗>している。"
"11900_Title","Somehow Escaped...","なんとか逃れた..."
"11900_Info","Survived until the end of the game.","ゲーム終了時まで生存した"
"11901_Title","Agile Shyboy","機敏な恥ずかしがり屋"
"11901_Info","Survive in a <harsh> environment.","<過酷な>環境で、生き延びる"
"11901_Constraint","・<Time until death> is 3 seconds or less ・<Invincibility time after meeting> is 5 seconds or less","・<死亡するまでの時間>が3秒以下・<会議後の無敵時間>が5秒以下"
"11902_Title","Landmine Boy","地雷系ボーイ"
"11902_Info","Involved many people in the explosion when self‑destructing.","自爆時の爆発で多くの人数を巻き込んだ"
"11902_Constraint","・Self‑destruct explosion setting is ON ・Explosion involves <3> or more people excluding yourself","・自爆時の爆発設定がON・自爆時の爆発で自身を除く、<3>人以上巻き込む"
"12100_Title","Walk Walk","てくてく"
"12100_Info","Complete room tasks 10 times.","部屋タスクを10回こなす"
"12101_Title","Long Walk","てくてくてくてくてくてく"
"12101_Info","Complete room tasks 100 times.","部屋タスクを100回こなす"
"5000_Title","Master of Curses","呪いの使い手"
"5000_Info","Use Warlock special kill 5 times.","ウォーロックの特殊キルを5回使用する"
"5001_Title","Curse Rampage","呪いの暴走"
"5001_Info","Killed an impostor with a special kill.","特殊キルでインポスターをキルした"
"5001_Constraint","-Curses don't always work in a <good way>.","-呪いは必ずしも<良い方向に働く>わけではない。"
"23200_Title","All‑Round player","なんでもできるクルー君"
"23200_Info","Complete missions 3 times.","ミッションを3回クリアする"
"23201_Title","Ship Handyman","船の便利屋さん"
"23201_Info","Complete missions 15 times.","ミッションを15回クリアする"
"23202_Title","Mission Master","ミッションマスター"
"23202_Info","Complete missions 50 times.","ミッションを50回クリアする"
"14900_Title","Just Started Saving","貯金始めたて"
"14900_Info","Reach a total gain of 100","総取得が100に到達する"
"14901_Title","Path to Wealth","富豪への道"
"14901_Info","Reach a total gain of 1000","総取得が1000に到達する"
"14902_Title","Bloodletting Bonanza","出血大サービス"
"14902_Info","Total loss reaches <1000>","<総減少>が<1000>に到達する"
"14600_Title","Big Eater Fighter","大食いファイター"
"14600_Info","Eat snacks 10 times.","つまみぐいを10回行う"
"14601_Title","Master of Fast Eating?","早食いの達人?"
"14601_Info","• Eat snacks <3 times> within <1 turn>","・<1ターンの間>につまみぐい<を3回>行う"
"14601_Constraint","-Don't choke.","-喉を詰まらせないようにね。"
"13800_Title","Burning Ship","燃え上がる船"
"13800_Info","Won as Arsonist","アーソニストで勝利した"
"13801_Title","Burned‑out Spaceship","燃え尽きた宇宙船"
"13801_Info","Won with <10 or more survivors>","<10人以上生存>している状態で勝利した"
"14200_Title","Sunny Tomorrow","明日はハレ"
"14200_Info","Won as Jester","ジェスターで勝利した"
"14201_Title","Don't Vote Off Lightly","安易な追放はご法度"
"14201_Info","Won with <4 or fewer players left>","<4人以下の盤面>で勝利した"
"14201_Constraint","・10 or more players at game start","・ゲーム開始時の人数が10人以上"
"15000_Title","Welcome to the World of Yokai","妖怪の世界へようこそ"
"15000_Info","Win as the Spirit Fox","妖狐で勝利する"
"15001_Title","Aura That Can't Be Deceived","誤魔化せないオーラ"
"15001_Info","Be <tell> die","<占い師に占われ>死亡する"
"15002_Title","Unidentified Lifeform","未確認生命体"
"15002_Info","Win <without ever being notified>","<一度も通知されることなく>勝利する"
"15002_Constraint","・Game end day exceeds <5 days>","・ゲーム終了日が<5日>を超える"
"13900_Title","Chef's Mission","料理人の使命"
"13900_Info","Hand out food to everyone and get a bonus victory","料理を全員に渡し、追加勝利する"
"13901_Title","Chef's Wish","料理人の願望"
"13901_Info","Hand out food to everyone and win solo","料理を全員に渡し、単独勝利する"
"13902_Title","Chef's Roast","シェフの丸焼き"
"13902_Info","Get <voted out> by <Fangle> and win <solo>","<ファングル>で<追放>され<単独>勝利する"
"13902_Constraint","・Play a match with <Fangle> ・Win <solo>","・<ファングル>で試合を行う・<単独>勝利する"
"14800_Title","Santa's Part‑Time Job","サンタのバイト"
"14800_Info","Give out 5 presents total","プレゼントを通算5個渡す"
"14801_Title","Night Before Christmas Worker","聖夜の仕事人"
"14801_Info","Give out 50 presents total","プレゼントを通算50個渡す"
"14802_Title","Black Santa","ブラックサンタ"
"14802_Info","Give out debuffs 10 times","デバフを10回プレゼントする"
"14400_Title","I'd Love You Even Reborn","生まれ変わっても貴方が好き"
"14400_Info","Successfully confess love 5 times","告白を5回成功させる"
"14401_Title","Unrequited Love","実らぬ恋"
"14401_Info","Fail a confession","告白に失敗する"
"14402_Title","Remembered Love","思い出した恋"
"14402_Info","Wake up from <amnesia> and confess","<アムネシアから目覚め>、告白を行う"
"14402_Constraint","-It might still be possible even after <remembering>","-<思い出して>からでも間に合うかもしれない"
"15500_Title","Revenge","復讐"
"15500_Info","Get a bonus victory as the Betrayer","裏切者で追加勝利する"
"15501_Title","Thorough Revenge","徹底的復讐"
"15501_Info","Vote out your target in a meeting <you called>","<自身が招集した会議>でターゲットを<追放>する"
"15400_Title","Activated Human Bomb","起動した人体爆弾"
"15400_Info","Win as the Terrorist","テロリストで勝利する"
"13300_Title","Mission Accomplished...","ミッション達成..."
"13300_Info","Get a bonus victory as the Count Killer","カウントキラーで追加勝利する"
"13301_Title","Excellent Assassin","優秀な暗殺者"
"13301_Info","Win solo as the Count Killer","カウントキラーで単独勝利する"
"14100_Title","Creepy Incident","不気味な事件"
"14100_Info","Curse‑kill 5 or more at once","5人以上同時に呪殺する"
"14101_Title","Cursed Spaceship","呪われた宇宙船"
"14101_Info","Win as the Cursed Maker","カースメーカーで勝利する"
"13400_Title","Strange World","フシギな世界"
"13400_Info","Total count reaches 100","総合カウントが100に到達"
"13401_Title","Which One's Real?","どちらが本物?"
"13401_Info","Win solo <without performing a kill>","<キルを行わず>、単独勝利する"
"13402_Title","Chaotic World","混沌としたセカイ"
"13402_Info","Total count reaches 500","総合カウントが500に到達"
"14500_Title","Independent Investigation! What's the truth behind the buzzed scene!?","独自調査！話題の現場の真相は!?"
"14500_Info","Report the body of the investigated target","調査対象の死体を通報する"
"14501_Title","Spread Fake News","拡散されてしまった誤報"
"14501_Info","Your guess <failed>","推測が<失敗>した"
"14502_Title","Big Scoop","大型スクープ"
"14502_Info","Make a <successful> guess","推測を<成功>させる"
"15200_Title","^・^","^・^"
"15200_Info","Survive until the end of the game","ゲーム終了まで生存する"
"15201_Title","Smooth Operator","世渡り上手"
"15201_Info","Win with <5 or fewer players>","<5>人以下の盤面で勝利する"
"15202_Title","Lack of Exercise","運動不足"
"15202_Constraint","-Don't float <without being seen>","-<視認なく>て浮かないように"
"15202_Info","Stay still for a total of 100 seconds.","合計100秒動かない。"
"15203_Title","Ship Patrol","船の巡回員"
"15203_Info","Keep moving until the end of the game","ゲーム終了までずっと動き続ける"
"15203_Constraint","-It might make you look suspicious.","-逆に怪しい気がする"
"13700_Title","You Are My Pawns","君たちは僕の手駒"
"13700_Info","Win as the Egoist","エゴイストで勝利する"
"14300_Title","Execution","処刑執行"
"14300_Info","Vote out your target and win","ターゲットを追放し、勝利する"
"14301_Title","Planned Execution","計画的追放"
"14301_Info","Vote out your target in a meeting <you called>","自身が<招集した会議>でターゲットを<追放>する"
"22900_Title","Straw Wielder","藁の使い手"
"22900_Info","Perform special kills 5 times","特殊キルを5回行う"
"22901_Title","A World without Chaos","混沌としないセカイ"
"22901_Info","Die while <meeting the person> during transformation","変身中に<本人と会っ>て死亡する"
"22902_Title","It Could Be Me Tomorrow","明日は我が身"
"22902_Info","Perform special kills 30 times.","特殊キルを30回行う。"
"13500_Title","God Who Sends to Another World","異世界の送り神"
"13500_Info","Have sent a total of 10 people to heaven","累計10人を天界に送った"
"13501_Title","Towards the Development of Another World","異世界の発展へ"
"13501_Info","Win as the Grim Reaper","死神で勝利する"
"12900_Title","Rampaging Dog","暴れ犬"
"12900_Info","Make <3> kills during a game","ゲーム中に<3>回キルを行う"
"12901_Title","Yesterday's Enemy is Today's Friend","昨日の敵は今日の友"
"12901_Info","Sidekick an <Impostor>","<インポスター>をサイドキックする"
"12902_Title","Just as Planned...","計算通り..."
"12902_Info","The Jackal team wins without killing once","ジャッカル陣営が1度もキルを行わずに勝利する"
"12902_Constraint","-Sometimes observing is important... zzz","-時には観察も大事。...zzz"
"13600_Title","Cutting‑Edge Murderer","最先端の殺人鬼"
"13600_Info","Win as Remote Killer","リモートキラーで勝利する"
"13601_Title","Child of Long‑Distance Kill","遠隔キルの申し子"
"13601_Info","Kill a target located more than <30m away> remotely","遠隔で<30m以上先の>相手をキルする"
"13601_Constraint","・Distance to target is <30m or more> ・Whether kill teleport is used doesn't matter.","・相手との<距離>が<30m以上>ある・キルテレポートの有無は問わない。"
"15700_Title","Bakeneko","化け猫"
"15700_Info","Win as a Bakeneko","バケネコとして勝利する"
"15700_Constraint","・Must be in the non-human faction","・人外陣営に所属していること"
"15701_Title","Rampaging Cat","暴れ猫"
"15701_Info","Make <3> kills during a game","ゲーム中、<3>回キルを行う"
"15702_Title","Vendetta","敵討ち"
"15702_Info","Win while the boss is dead","親分が死亡している状態で勝利する"
"15702_Constraint","・The boss is dead ・The boss's team wins","・<親分>が死亡している・<親分のチーム>が勝利"
"15600_Title","Living Cat","生きていた猫"
"15600_Info","Win as Schrödinger's Cat","シュレディンガーの猫で勝利"
"15600_Constraint","・Be in a non-human faction and survive until the end","・人外陣営に所属しており、最後まで生存"
"15601_Title","Another Future","もう一つの未来"
"15601_Info","Be an impostor and win with the reactor.","インポスターに所属し、リアクターで勝利する。"
"15601_Constraint","・Be an <impostor> ・Reactor runs out of time ・You are still alive ・Impostors win","・<インポスター>に所属・<リアクタ>ーが<時間切>れ・自身がまだ生存している・<インポスター>が勝利"
"14000_Title","Isolated Airship","隔離された飛行船"
"14000_Info","Win as Plague Doctor","ペスト医師で勝利する"
"14001_Title","Selfish Ambition","身勝手な野望"
"14001_Info","Win with <10> or more alive","<10人>以上生存した状態で勝利"
"14001_Constraint","・Does not include yourself ・Does not include dead infected","・自身は含まない・死亡した感染者も含まない"
"23400_Title","I'm Still an Ally","それでも僕は味方"
"23400_Info","Kill a NonCrew.","人外をキルする"
"8500_Title","Leave It to Me Basically","大体は、おまかせあれ"
"8500_Info","Experience 4 different roles during a match","試合中、4種類の役職を経験する"
"8501_Title","Leave Everything to Me!","なんでもおまかせあれ！"
"8501_Info","Experience 10 different roles during a match","試合中、10種類の役職を経験する"
"8502_Title","Even Crew Betrayal Is Left to Me","クルーの裏切りもおまかせあれ"
"8502_Info","Win as <Madmate>","<マッドメイト>として勝利する"
"9400_Title","First Step to Growth","成長への第一歩"
"9400_Info","Divine someone who is not Crew","占いでクルー以外を占う"
"9401_Title","Dead Men Tell No Tales","死人に口なし"
"9401_Info","Get killed by the target while waiting for divination results","占い結果待ち中、相手にキルされる"
"9401_Constraint","-You saw something you <shouldn't> have.","-君は<見て>は<いけないもの>を見た。"
"10200_Title","Popular Baker","人気のパン屋さん"
"10200_Info","Survive until the end of the game","ゲーム終了まで生き残る"
"10201_Title","Baker...?","パン屋...?"
"10201_Info","The baker starts a seasonal menu","パン屋が季節限定メニューを始める"
"10400_Title","Gotcha!","引っかかったな！"
"10400_Info","The person who killed you gets voted out","自身をキルした人物が追放される"
"12300_Title","Fully Charged","フル充電"
"12300_Info","End the game with charge almost at max","充電がほぼMaxの状態でゲームを終える"
"10300_Title","Slightly Tilted Scales","わずかに傾いた天秤"
"10300_Info","Vote out a non-human with the Scales","天秤で人外を追放する"
"10301_Title","Unwavering Scales","揺るがない天秤"
"10301_Info","Vote out <2 people at once> with the Scales","天秤で<2人同時に>追放する"
"10302_Title","Suddenly Visited Peace","突如訪れた平和"
"10302_Info","Vote out <non-humans> <2 at once> with the Scales","天秤で<人外>を<2人同時に>追放する"
"10302_Constraint","-Just before, it was <dark>, but the situation <changed suddenly>","-少し前は<闇>に包まれていたはずが、状況は<急変>した"
"22200_Title","Extinguished Light","消えた灯"
"22200_Info","Vision becomes 0","視界が0になる"
"12200_Title","I'll Be Back for Sure","またきっと戻ってくる"
"12200_Info","Use comeback 10 times","カムバックを10回使用する"
"12201_Title","Appearing Everywhere","どこにでも現る"
"12201_Info","Move a total of <1000m>","累計<1000m>移動する"
"9800_Title","Rampaging Authority","暴走した権力"
"9800_Info","Force-vote out a non-human","人外を強制追放する"
"9801_Title","Desperate Judgment","決死の判断"
"9801_Info","Crew wins after <force-voting>","強制追放後、<クルー>が勝利する"
"9200_Title","Fortune-Teller with a Reputation","当たると噂の占い師"
"9200_Info","Divine a non-human","人外を占う"
"9201_Title","Seeing Through Everything","全てお見通し"
"9201_Info","Divine 3 Impostor faction members in one game","1ゲームでインポスター陣営を3人占う"
"9201_Constraint","・Includes Madmates in Impostor faction","・マッドメイトもインポスター陣営に含む"
"10800_Title","Steel Body","鋼の体"
"10800_Info","Use guard 1 or more times and survive","ガードを1回以上使用し、生存する"
"10801_Title","Concentrated Fire","集中砲火"
"10801_Info","Use guard <3 or more times> and survive","ガードを<3回>以上使用し、生存する"
"10802_Title","Just Guard","ジャストガード"
"10802_Info","Use guard within 5 seconds of it being granted","ガードが付与されてから5秒以内に使用する"
"10802_Constraint","-If even a little <late>, the <future> would have been different...","-少しでも<遅れてい>れば<未来>は違った..."
"9700_Title","Following the Clues...","痕跡を頼りに..."
"9700_Info","Obtain information from a body","死体の情報を得る"
"9701_Title","Avenger of the Victim","被害者の仇"
"9701_Info","Vote out the killer who killed the investigation target","捜査対象を殺したキラーを追放"
"21100_Title","Peaceful Kingdom Today Too","今日も平和な王国"
"21100_Info","Survive and Crew wins","生存して、クルーが勝利する"
"21101_Title","Are you King?","Are you King?"
"21101_Info","The Monarch gets voted out by a non-human","君臨者が人外によって追放される"
"21102_Title","Preserved Kingdom","保たれた王国"
"21102_Info","The Monarch dies, suffers great damage, then Crew wins","君臨者が死亡し、甚大な被害をうけた後、クルーが勝利"
"21102_Constraint","・<Death> count 5 or more ・At game end, surviving Crew faction <role holders> 2 or fewer ・Victory cause is <non-human vote out>","・<死亡>人数5人以上・ゲーム終了時、生存しているクルー陣営の<役職持ち>が2人以下・勝利要因が<人外の追放>"
"11400_Title","A Ray of Light in the Darkness","闇に灯された一筋の光"
"11400_Info","Nullify blackout","停電を無効化する"
"9500_Title","Mayor's Authority","市長の権限"
"9500_Info","The person you voted for gets voted out","票を入れた相手が追放される"
"9501_Title","I Won't Let It Go as Planned!!","思惑通りにはさせない!!"
"9501_Info","Vote out a non-human in a situation with many non-humans","人外多数の状況で人外を追放する"
"9501_Constraint","・<Crew> wins ・<Non-human> majority (<Faction> doesn't matter)","・<クルー>が勝利する・<人外>多数である(<陣営>は問わない)"
"9000_Title","I Won't Miss That Glimpse of Tail","チラ見え尻尾は見逃さない"
"9000_Info","Sheriff-execute a total of 5 people in meetings","会議で累計5人をシェリフ執行する"
"9001_Title","Terrifying Meeting Executor","恐怖の会議執行人"
"9001_Info","Execute 3 or more non-humans in one meeting","1会議で3人以上の人外を処刑する"
"9001_Constraint","・Only vote out and Sheriff executions count","・追放,シェリフ処刑のみ対象"
"8700_Title","Sensor Maintenance Technician","センサー整備士"
"8700_Info","Install sensors in 5 locations","5つの箇所にセンサーを設置する"
"8701_Title","Traffic Control Expert","交通管理の達人"
"8701_Info","A total of 100 people contact sensors","累計100人がセンサーに接触する"
"9300_Title","Tehepero","てへぺろ"
"9300_Info","Divine a non-human as Crew (reverse also OK)","人外をクルーとして占う(逆でも可)"
"9301_Title","Won't Be Called a Klutz","ぽんこつとは呼ばせない"
"9301_Info","Win as Crew without any divination failures during the match","試合中、一度も占い失敗せずクルー勝利する"
"9301_Constraint","・Divine <non-humans> 2 or more ・Divination <failure rate> 50% or more","・<人外を>2人以上占う・占い<失敗率>50%以上"
"11200_Title","Final Scream","最期の叫び"
"11200_Info","Receive noise 5 times","ノイズを5回受信する"
"11201_Title","Whispers of the Dead","死者達の囁き"
"11201_Info","Receive noise 50 times","ノイズを50回受信する"
"11800_Title","Emergency Response Is My Specialty","緊急対応はお手の物"
"11800_Info","Use ability 5 times","能力を5回使用する"
"11801_Title","Ship Repairman","船の修理屋さん"
"11801_Info","Use ability 50 times","能力を50回使用する"
"11300_Title","Communicator with Satellites","衛星との通信者"
"11300_Info","Use ability a total of 5 times","能力を累計5回使用する"
"11000_Title","Faint Presence","微かな気配"
"11000_Info","Receive kill flash 5 times","キルフラッシュを5回受け取る"
"11001_Title","Sense That Something Happened","何かが起こった気配"
"11001_Info","Receive kill flash 15 times","キルフラッシュを15回受け取る"
"11002_Title","Something I Saw Faintly","微かに見えたもの"
"11002_Info","Receive kill flash 50 times","キルフラッシュを50回受け取る"
"11002_Constraint","-I definitely saw it...<the sight of those dead guys>...","-確かに見えたはずなんだ...<死んだアイツらの姿が>..."
"9600_Title","Smiling Ghost","微笑んだ幽霊"
"9600_Info","Get divined as <same faction> 3 times","3回、<同陣営>だと占われる"
"9601_Title","Frowning Ghost","顔をしかめた幽霊"
"9601_Info","Get divined as <different> faction 3 times","3回、<異なる>陣営だと占われる"
"9602_Title","Ghost That Might Get Along","コイツと気が合いそうな幽霊"
"9602_Info","Divine <Impostor faction> and <Third faction>","<インポスター陣営>と<第三陣営>を占う"
"10900_Title","Secret Information Only I Know","僕しか知らない極秘情報"
"10900_Info","Complete <task> and expose non-human","タスクを<完了>させ、人外を炙り出す"
"12000_Title","Completely Melted Yukinko","溶けきったゆきんこ"
"12000_Info","Vision becomes <minimum>","視界が<最小>になる"
"12001_Title","Snowman That Doesn't Melt Anywhere","どこでも溶けない雪だるま"
"12001_Info","End the game with <almost no melting> from initial vision","最初の視界から<ほぼ溶けず>に<ゲームが終了>する"
"11500_Title","Latest Speed-Up Shoes","最新型の速くなる靴"
"11500_Info","Speed up someone's feet","誰かの足を速くする"
"12400_Title","Minimum Work","最低限の仕事"
"12400_Info","Complete all tasks","タスクを全て完了させる"
"10500_Title","Protected Treasure","守り抜いた宝物"
"10500_Info","End the game without having attribute <stolen>","属性を<盗まれず>、ゲームが終了する"
"10501_Title","You Are a Being to Be Used","君は利用される存在"
"10501_Info","Steal Stroner's attribute and win","ストルナーの属性を盗み、勝利する"
"10000_Title","Shining Existence","輝く存在"
"10000_Info","Get revealed as being a Star","自身がスターであると明かされる"
"9900_Title","Shining Body","輝いている体"
"9900_Info","Win as <Crew> while <alive>","<生存した>状態で<クルー>勝利する"
"9901_Title","Not Invincible","無敵ではない"
"9901_Info","Die while possessing <kill ability>","<キル能力を所有している>状態で死亡する"
"11600_Title","Not Enough Talk Yet","まだ、話足りない"
"11600_Info","Extend meeting time by a total of 60 seconds","会議時間を計60秒伸ばす"
"11601_Title","More! I Want to Talk More!!","もっと！話したいっ！！"
"11601_Info","Extend meeting time by a total of 5 minutes","会議時間を計5分伸ばす"
"11602_Title","Topics Never End","話題は途切れない"
"11602_Info","Extend meeting time by a total of <30 minutes>","会議時間を計<30分>伸ばす"
"12500_Title","Unique Skill","唯一無二のスキル"
"12500_Info","Open all toilet doors on Airship at once","エアシップのトイレの扉を一斉に開く"
"12501_Title","Door Opened Far Away","遥か遠くで開いた扉"
"12501_Info","Activate ability on <non-Airship>","<エアシップ以外>で能力を発動する"
"21300_Title","Trap Activated!!","トラップ発動!!"
"21300_Info","Activate trap","トラップを発動する"
"21301_Title","Inescapable Situation","言い逃れできない状況"
"21301_Info","Your <body> gets reported while <trap> is active","<トラップ>発動中に<自身の死体>が通報される"
"12800_Title","Eaten Leg","喰われた脚"
"12800_Info","Kill with vent trap","ベントトラップでキルを行う"
"12801_Title","Terrifying Vent","恐怖の通気口"
"12801_Info","Kill <2 times> in <1 turn>","<1ターン>に2回キルする"
"12600_Title","Heard Opening Sound","聞こえた開閉音"
"12600_Info","Receive vent flash 3 times","ベントフラッシュを3回受け取る"
"12601_Title","Echoing Sound","響き渡る音"
"12601_Info","Receive vent flash 30 times","ベントフラッシュを30回受け取る"
"12700_Title","Something Lurking in the Shadows","陰に潜んでいたモノ"
"12700_Info","Pull someone out from vent","ベントから誰かを引き出す"
"12701_Title","Dragged into the Shadows...","陰に引きずられ..."
"12701_Info","Get killed by someone pulled out from vent","ベントから出した相手にキルされる"
"10100_Title","I Know Your Position","貴方の位置は分かっている"
"10100_Info","Track someone","誰かを追跡する"
"9100_Title","Parting with Kin","同族との決別"
"9100_Info","Kill an <Impostor>","<インポスター>をキルする"
"9101_Title","Mixed Blood","入り混じった血"
"9101_Info","Get divined","占いで占われる"
"5500_Title","Essence of Destruction","破壊の極意"
"5500_Info","Destroy report button 3 times","レポートボタンを3回破壊する"
"5501_Title","God of Destruction","破壊神"
"5501_Info","Destroy report button 15 times","レポートボタンを15回破壊する"
"5502_Title","Into Splinters","木端微塵"
"5502_Info","Break the same player's megaphone 3 times","同じプレイヤーのメガホンを3回壊す"
"5502_Constraint","-It's something <that child> gave me <first>, so it's <important> to me~","-「<あの子>から<初め>てもらったモノだから<大切>なんだよね～」"
"23800_Title","Taking Aim","狙いを定めて"
"23800_Info","Hit one person","一人命中する"
"23801_Title","Riding the Wind...","風に乗って..."
"23801_Info","Move a certain distance with Archer's bow teleport","アーチャーの弓移動で一定距離移動する"
"23802_Title","Released Single Arrow","解き放たれた一本の矢"
"23802_Info","After hitting a Crew, Impostors win","クルーに命中したその後、インポスターが勝利する"
"23802_Constraint","-In the silence, there was a <beautiful> trajectory drawn by the <arrow> and <corpse>.","-静けさの中、<美しい>軌道を描いた<矢>と<死体>がそこにはあった。"
"15800_Title","Obvious Thing","わかりきったコト"
"15800_Info","Guess <Merlin> correctly in <Assassin meeting>","<アサシン会議>で<マーリン>を当てる"
"3900_Title","Full Balloon","パンパンの風船"
"3900_Info","<Explosion range> becomes maximum","<破裂範囲>が最大になる"
"3901_Title","Balloon Seller's Big Move","風船屋の大移動"
"3901_Info","Move <1000>m in a game","ゲームで<1000>m移動する"
"3902_Title","Giant Balloon Explosion Incident","巨大風船破裂事件"
"3902_Info","Involve 3 or more in one <explosion>","一度の<破裂>で3人以上巻き込む"
"3902_Constraint","・Self-explosion not included in count","・自身の自爆は人数に含まれない"
"3800_Title","Explosion!!!","エクスプロージョンｯ!!!"
"3800_Info","Kill 3 people at once with explosion","爆破で3人同時にキルする"
"3801_Title","Super Ultra Explosion!!!","すーぱーうるとらえくすぷろーじょん!!!"
"3801_Info","Kill <5> people at once with explosion","爆破で<5>人同時にキルする"
"7300_Title","Goal Achieved","目標達成"
"7300_Info","Kill the target number","目標人数キルする"
"7301_Title","Here and Not Here","あって、ないようなもの。"
"7301_Info","Impostors win","インポスター勝利する"
"7302_Title","Goal Too Low for Me","僕には低すぎた目標"
"7302_Info","Kill <5> or more","<5>人以上キルする"
"6500_Title","One I Saw in the Documents","資料で見かけたヤツ"
"6500_Info","Kill prey","獲物をキルする"
"6501_Title","Never Let Prey Escape","狙った獲物は逃さない"
"6501_Info","Kill prey 3 times in one match","1試合で3回獲物をキルする"
"6502_Title","Hunter Passing By Coolly","颯爽に過ぎ去っていくハンター"
"6502_Info","Kill 2 prey in one turn","1ターンで2人獲物をキルする"
"6502_Constraint","・It's impossible for a hunter to kill non-prey.","・獲物以外をキルするなんて、ハンターにはあり得ない。"
"22400_Title","Everyone Gather!!","全員集合!!"
"22400_Info","Gather all survivors","生存者全員を集わせる"
"22401_Title","Come Over Here a Bit...","ちょっとこっちに来ようか..."
"22401_Info","Gather only one person","1人だけを集わせる"
"4500_Title","Connected Life","繋がれてしまった命"
"4500_Info","Kill 2 people at once connected to target","コネクトした相手を、2人同時にキルする"
"6600_Title","Curse and Curse...","呪って呪って..."
"6600_Info","Kill 1 cursed person","呪われた人を1人キルする"
"6601_Title","More!! Curse More!!","もっと！！呪って！！"
"6601_Info","Kill cursed people <3 times>","呪われた人を<3>人キルする"
"21000_Title","Tired...","ツカレタ..."
"21000_Info","Reach the kill count that weakens","弱化するキル数に到達する"
"21001_Title","Limit of Stamina","体力の限界"
"21001_Info","Kill <1> time after weakening","弱化してから<1>回キルする"
"21002_Title","Still Motivated Even Weakened","弱化されてもモーマンタイ"
"21002_Info","Kill <3> times after weakening","弱化してから<3>回キルする"
"4600_Title","FullPower","FullPower"
"4600_Info","Use overkill once","オーバーキルを1度使用する"
"4601_Title","OverPower","OverPower"
"4601_Info","Use up all overkills","オーバーキルを全て使い切る"
"4601_Constraint","・Overkill possible times 3 or more","・オーバーキル可能回数3回以上"
"4602_Title","Motionless Corpse","動けない死体"
"4602_Info","Kill <some roles> with overkill","<一部の役職>をオーバーキルでキルする"
"5700_Title","To Another World","もう一つの世界へ"
"5700_Info","Delete a role","役職を削除する"
"5701_Title","Delete Dangerous Elements","キケンブンシ ヲ ハイジョセヨ"
"5701_Info","Perform role deletion on <Neutral>","<ニュートラル>に対して役職削除を行う"
"24300_Title","Filled with Poison Gas","充満した毒ガス"
"24300_Info","Kill <3> or more with <poison gas sabotage>","毒ガスサボタージュで<3>人以上<殺害>する"
"24301_Title","Best Chance","一番のチャンス"
"24301_Info","Perform <kill> during poison gas sabotage","毒ガスサボタージュ中に<キル>を行う"
"24302_Title","Overconfidence Wounds","慢心創痍"
"24302_Info","Die from <poison gas sabotage>","毒ガスサボタージュで<死亡>する"
"3300_Title","Dopamine Rampage","ドーパミンの暴走"
"3300_Info","Gambling succeeds","ギャンブルが成功する"
"3301_Title","Smiling Dealer","微笑むディーラー"
"3301_Info","<Not succeed> in gambling <even once> in a game","ゲームで<1回も>ギャンブルに<成功しない>"
"3301_Constraint","-Never gamble again...! ・Kill 3 times or more","-もう二度とギャンブルなんてするもんか...!・キル三回以上"
"3302_Title","Gambler Who Changes Fate","運命を変えるギャンブラー"
"3302_Info","Perform 3 kills in one turn","1ターンで3キルを行う"
"3302_Constraint","・There is no failure for a gambler. ・If you're a gambler, blood doesn't stir unless 50% or less","・ギャンブラーに<失敗>の文字はない。・ギャンブラーなのであれば50%<以下>でないと血が騒がない"
"3400_Title","One Who Hacks Satellites","衛星をハッキングするモノ"
"3400_Info","Use ability 5 times","能力を5回使用する"
"3700_Title","Cloudy Crystal","濁る水晶"
"3700_Info","Divine <Third faction>","<第三陣営>を占う"
"3701_Title","Shining Crystal","輝く水晶"
"3701_Info","Divine <Madmate>","<マッドメイト>を占う"
"3200_Title","Your Location Is Known","君の居場所は把握済み"
"3200_Info","Kill <tracked target>","<トラック相手>をキルする"
"4400_Title","Tamaya~~","たまや～～"
"4400_Info","Launch fireworks","花火を打ち上げる"
"4401_Title","Beautifully Dancing Fireworks","美しく舞い上がった花火"
"4401_Info","Kill <3 people> with <fireworks>","花火で<3人>を<殺害>する"
"4402_Title","Dreamlike Scene","夢のような光景"
"4402_Info","Impostors win right after <launching> <fireworks>","<花火>を<打ち上げた>直後、<インポスター勝利>する"
"4402_Constraint","-When destroying the <ship>, a beautiful <fireworks show> awaits","- <船>を<滅亡>させる時、美しい<花火大会>が待っている"
"3000_Title","Super Jump","スーパージャンプ"
"3000_Info","Move <20m> with Jumper's jump","ジャンパーのジャンプで<20m>移動する"
"3001_Title","Full of Gaps","隙だらけ"
"3001_Info","Get killed during Jumper's <jump>","ジャンパーの<ジャンプ>中に<キル>される"
"3002_Title","Ultra Jump","ウルトラジャンプ"
"3002_Info","Kill <5 people> in one jump","一度のジャンプで<5人>キルする"
"6700_Title","Final Light","最期の灯"
"6700_Info","Reach <time limit> after killing <3> or more","<3>人以上キルした状態で<時間制限>を迎える"
"6701_Title","Final Sunny Appearance","最期の晴れ姿"
"6701_Info","Make <2> or more die in final explosion","最期の爆発で<2>人以上爆死させる"
"6702_Title","Stopped Bomb","止まった爆弾"
"6702_Info","Impostors win before time limit","制限時間を迎える前にインポスター勝利する"
"6702_Constraint","-After that, the bomb I was holding was safely <disarmed>. Happy ending.","-その後、<無事>に抱えていた爆弾は<解除され>たとさ。めでたしめでたし。"
"6703_Title","And Blue Spring Arrives","そして訪れる青い春"
"6703_Info","Win as Madonna Lovers before time limit","時間制限を迎える前にマドンナラバーズとして勝利する"
"6703_Constraint","-I thought I couldn't <fall in love>... But that child is so <liking>...","-僕には<恋>なんてできないと思っていました...\n でも、あの子がとっても<好き>で..."
"6400_Title","Unaware of Being Suspected","疑われることを知らない"
"6400_Info","Get voted out <2> times after kill ability is released","キル能力が解放されてから<2>人追放される"
"6400_Constraint","・Vote target is not a Neutral Killer.","・追放対象がニュートラルキラーでないこと。"
"4000_Title","Magical Magic","マジカルマジック"
"4000_Info","Erase 3 people with magic","マジックで3人を消す"
"4001_Title","Magic with No Tricks","タネも仕掛けもないマジック"
"4001_Info","Erase 15 people with magic","マジックで15人消す"
"4002_Title","Nothing Left","もう何も残らない"
"4002_Info","Magic someone whose role was erased by Eraser","イレイサーで役職を消された対象をマジックする"
"4002_Constraint","-Even though <role> was erased by <Eraser>!!!","- <イレイサー>で<役職>を消されたのに!!!"
"5200_Title","Blending into the Dark Night","闇夜に紛れて"
"5200_Info","Kill 2 times during blackout","停電中に2キルする"
"5201_Title","White Night","白夜"
"5201_Info","Blackout gets <repaired> <instantly>, get voted out","停電が<一瞬>で<修復>され、追放される"
"4200_Title","Hole in One","ホールインワン"
"4200_Info","Perform kill using ability","能力を使用してキルを行う"
"4201_Title","Used to Digging","掘り慣れたもんよ"
"4201_Info","Dig 20 holes","20回穴を掘る"
"4900_Title","Puppeteer","人形を操りし者"
"4900_Info","Make puppet kill 2 times","パペットに2回キルさせる"
"4901_Title","Popular Puppet Show","話題の人形劇"
"4901_Info","Make puppet kill a total of 20 times","パペットに累計20回キルさせる"
"4902_Title","Obvious Trap","見え見えの罠"
"4902_Info","Make <puppet> kill a Crew whose ability activates on <kill>","<キル>で能力が発動するクルーを<パペット>にキルさせる"
"4902_Constraint","・Vote results etc. don't matter","・追放の結果等は問わない"
"7000_Title","Faster Faster!!!","早く早く!!!"
"7000_Info","Kill 1 time during Quick mode","クイックモード中に1キルする"
"7001_Title","Swift Serial Killer","素早い連続殺人犯"
"7001_Info","Kill 2 times during Quick mode","クイックモード中に2キルする"
"7002_Title","Momentary Event","刹那の出来事"
"7002_Info","Kill <4> times during Quick mode","クイックモード中に<4>キルする"
"7002_Constraint","-Shupapapapa~!!","-ｼｭﾊﾟﾊﾟﾊﾟﾊﾟｰﾝ!!"
"6800_Title","Unstoppable Evil Hand","止まらない魔の手"
"6800_Info","Survive 120s after timer starts","タイマーが動作してから120s生き残る"
"6800_Constraint","・Counted after timer starts. ・Not counted during meetings.","・タイマーが動作してからカウントされる。・会議中はカウントされない。"
"6801_Title","Can't Stop","どうしてもやめられない"
"6801_Info","Kill <5> times after timer starts","タイマーが動作してから<5>キルする"
"6802_Title","Terrifying Serial Killer","恐怖の連続殺人犯"
"6802_Info","Survive for a very long time","とても長い時間生き残る"
"6802_Constraint","・Survive <6 times> the <time limit>.","・<時間制限>の6<倍>生き残る。"
"22500_Title","Be the Decoy","囮となれ"
"22500_Info","Kill <Bait> or <Incender> then fake report","<ベイト> or <インセンダー>をキルした後、擬装通報する"
"22501_Title","Truth into the Darkness","真相は闇の中へ"
"22501_Info","The fake reported person gets <voted out>","擬装通報した相手が<追放>される"
"4100_Title","To the Back of the Dim Alley","薄暗い路地裏の奥へ"
"4100_Info","Kidnap until time limit","制限時間いっぱいまで<拉致>する"
"4101_Title","Stroll with Kidnap","ペンサンポ"
"4101_Info","Walk 100m or more with kidnapped target","拉致相手と共に100m以上歩く"
"4102_Title","Must Not Let Guard Down","油断してはいけない"
"4102_Info","Get killed by <kidnapped target>","<拉致相手>にキルされる"
"6200_Title","Warning Shot","威嚇射撃"
"6200_Info","Bullet misses","弾が外れる"
"6201_Title","Aiming...","照準を定め..."
"6201_Info","Bullet hits","弾が命中する"
"6202_Title","Skilled Sniper","敏腕スナイパー"
"6202_Info","Kill target 25m or more away","25m以上先の相手を殺害する"
"6203_Title","Shot Something Useless Again...","またつまらぬものを撃ってしまった..."
"6203_Info","Shoot an Impostor","インポスターを撃つ"
"6203_Constraint","-Aim properly","-照準はしっかり定めよう"
"6100_Title","Welcome to the Dark World","暗黒世界へようこそ"
"6100_Info","Black out the room","部屋を暗転させる"
"6101_Title","Simultaneous Blackout of Unknown Cause","原因不明の一斉瞬停"
"6101_Info","Black out 3 rooms at once","同時に3部屋の部屋を暗転させる"
"6000_Title","Even Crystal Can't Deceive","水晶も欺ける"
"6000_Info","Get divined","占われる"
"6001_Title","Nonexistent Guilt","ありもしない罪悪感"
"6001_Info","Almost get killed by Sheriff-type role","シェリフ系役職にキルされかける"
"4700_Title","Rapid Meeting","急ピッチの会議"
"4700_Info","Reduce meeting time by a total of 60s","会議時間を累計60s減らす"
"4701_Title","Unconclusive Conclusion","纏まらない結論"
"4701_Info","Reduce meeting time by a total of 300 seconds","会議時間を累計300秒減らす"
"4702_Title","Meetings Aren't Needed...","会議なんていらないのさ..."
"4702_Info","Reduce meeting time to the limit","会議時間を極限まで減らす"
"4800_Title","Blood-Thirsty Vampire","血に飢えた吸血鬼"
"4800_Info","Bite Crew a total of 3 times","クルーを合計3回噛む"
"4801_Title","Body Nourished by Blood","血で潤った体"
"4801_Info","Bite Crew a total of 30 times","クルーを合計30回噛む"
"4802_Title","Unexpected Ending","考えても無かった結末"
"4802_Info","Get bitten and die by another Vampire besides yourself","自身以外のヴァンパイアに噛まれて死亡する"
"4802_Constraint","-<That guy's> blood... was <amazing>... <Sweet> and <sour> and <spicy> and <bitter>...","-「<アイツ>の血...なんか<凄かった>んだよな...<甘>くて<酸っぱ>くて<辛>くて<苦>くて...」"
"5100_Title","Power of Magic","魔法の力"
"5100_Info","Perform curse kill once","呪いキルを1度行う"
"5101_Title","Unbearable Magical Power","耐えられない魔力"
"5101_Info","Perform 2 curse kills in one meeting","1会議で2人呪いキルを行う"
"5102_Title","Magical Girl! Witch-chan!!","魔法少女!ウィッチちゃん!!"
"5102_Info","Perform curse kills a total of 15 times","呪いキルを累計15回おこなう"
"8200_Title","First Step to New Era","新時代への第一歩"
"8200_Info","Guess 1 Neutral correctly in Revolution meeting","革命会議でニュートラルを1人当てる"
"8201_Title","Birth of New Threat","新たな脅威の誕生"
"8201_Info","Succeed in revolution","革命を成功させる"
"8202_Title","Fulfilled Ambition","叶えられた野望"
"8202_Info","Guess 3 Neutrals, explosion kills 10 people during revolution","ニュートラルを3人、革命時の爆殺人数が10人"
"8202_Constraint","-To fulfill the <ambition> of my <deceased> <master>, I can even break a <high wall>.","-「<今>は<亡>き<ご主人>の<野望>を<叶える>ためなら、<高い壁>だって壊せるのだよ。」"
"22800_Title","I Don't Think About Betrayal!","裏切りなんて考えない!"
"22800_Info","Ride on <Impostor victory>","インポスター勝利に<相乗り>する"
"22801_Title","Budding Desire","芽生えた願望"
"22801_Info","Kill an <Impostor>","<インポスター>をキルする"
"22802_Title","From Now On, With My Own Power","これからは己の力で"
"22802_Info","Win as <Betrayer>","<ベトレイヤー>として勝利する"
"7900_Title","When Did That Happen?","いつのまに?"
"7900_Info","Use swap ability 5 times","入れ替え能力を5回使用する"
"7901_Title","Swapped?!","入れ替わってる?!"
"7901_Info","Use swap ability 30 times","入れ替え能力を30回使用する"
"7600_Title","That Stab... Master...!","その刺し方は...ご主人...!"
"7600_Info","Collude with Impostor","インポスターと内通する"
"8300_Title","Sudden Thunderstorm","突如訪れた雷雨"
"8300_Info","Get voted out as Mad Jester","マッドジェスターで追放される"
"8301_Title","Endless Storm","終わらない嵐"
"8301_Info","Get voted out when <all Impostors are eliminated>","<インポスター全滅>時に追放される"
"7700_Title","False Accusation Incident","冤罪事件"
"7700_Info","Someone gets voted out in the turn when a suicide body is reported","自殺した死体が通報されたターンで誰かが追放される"
"8100_Title","Identifying the Respected One","尊敬する方の特定"
"8100_Info","Divine an Impostor","インポスターを占う"
"8101_Title","Master's Nuisance...","ご主人の邪魔者..."
"8101_Info","Divine a <Neutral Killer>","<ニュートラルキラー>を占う"
"23501_Title","Newly Possessed Power","新たに宿りし力"
"23501_Info","Guess <Fool>","<愚か者>を推測する"
"23502_Title","Hero of the Story","物語の英雄"
"23502_Info","Impostors win after <suicide attack>","<自爆特攻>後、インポスターが勝利する"
"22000_Title","I Won't Let That Happen","そんなことさせない"
"22000_Info","Guard a kill","キルをガードする"
"22001_Title","Blessing of the Good Spirit","善霊のご加護"
"22001_Info","Get bonus victory as Assisting Angel","アシスティングエンジェルで追加勝利する"
"21700_Title","Jamming Electromagnetic Wave Occurring...","妨害電磁波発生..."
"21700_Info","Crash information devices","情報機器をクラッシュする"
"21600_Title","Ship's Seven Wonders Part 1","お船の七不思議その壱"
"21600_Info","Open vents 10 times","ベントを10回開ける"
"21601_Title","Even Ghosts Get Bored","幽霊だって暇なのだ"
"21601_Info","Open vents 50 times","ベントを50回開ける"
"16200_Title","Cry of the Missing Crewmember","居ない船員の叫び声"
"16200_Info","Use Ghost Buttoner's button","ゴーストボタナーのボタンを使う"
"16300_Title","Biiii... Hiiiiiiiiiiiiii!!!!","ﾋﾞﾋﾞｯ...ﾋﾞｨｨｨｨｨｨｨｨｨｨｨ!!!!"
"16300_Info","Bii- Bii Bii Bii Bii- Bii Bii!!","ﾋﾞ-ﾋﾞﾋﾞﾋﾞﾋﾞｯ-、ﾋﾞﾋﾞｯﾋﾞｯ!!"
"23050_Title","Intense Poison","強烈な猛毒"
"23050_Info","Do 10 times as Viper","バイパーで10回する"
"350_Title","Ear-Splitting Loud Voice","張り裂けるような大声"
"350_Info","Die as Noise Maker","ノイズメーカーで死亡する"
"100000_Title","Welcome to TownOfHost-K!","Welcome to TownOfHost-K!"
"100000_Info","Play your first match","初めて試合を行う"
"100001_Title","Exciting Game","わくわくですげーむ"
"100001_Info","Complete 3 matches","3回試合を完了させる"
"100002_Title","Getting Used to It Soon?","そろそろ慣れたかな?"
"100002_Info","Complete 10 matches","10回試合を完了させる"
"100003_Title","One Who Enjoys K","Kを嗜むもの"
"100003_Info","Complete 30 matches","30回試合を完了させる"
"100004_Title","Let's Play with K♪","Kであそぼ♪"
"100004_Info","Complete 50 matches","50回試合を完了させる"
"100005_Title","More!! Let's Play with K♪","もっと!!Kで遊ぼ♪"
"100005_Info","Complete 100 matches","100回試合を完了させる"
"100006_Title","Still More!!! Let's Play with K♪","まだまだ!!!Kで遊ぼうっ♪"
"100006_Info","Complete 200 matches","200回試合を完了させる"
"100007_Title","Still Not Enough Play?","まだまだ遊び足りない?"
"100007_Info","Complete 300 matches","300回試合を完了させる"
"100008_Title","The Match Continues.","試合はまだ続く。"
"100008_Info","Complete 400 matches","400回試合を完了させる"
"100009_Title","Thanks for Playing!!","遊んでくれてありがとネ!!"
"100009_Info","Complete 500 matches","500回試合を完了させる"
"100010_Title","Endless Legend","終わらない伝説"
"100010_Info","Complete 1000 matches","1000回試合を完了させる"
"100011_Title","First Victory","初めての勝利"
"100011_Info","Achieve your first victory","初勝利をあげる"
"100012_Title","Legend Begins","伝説の幕開け"
"100012_Info","Achieve 3 total wins in Standard","スタンダードで通算3勝をあげる"
"100013_Title","Taste of Victory Soaked In","沁みついた勝利の味"
"100013_Info","Achieve 10 total wins in Standard","スタンダードで通算10勝をあげる"
"100014_Title","Completed Victory Formula","出来上がった勝利の方程式"
"100014_Info","Achieve 50 total wins in Standard","スタンダードで通算50勝をあげる"
"100015_Title","Goddess of Victory","勝利の女神"
"100015_Info","Achieve 100 total wins in Standard","スタンダードで通算100勝をあげる"
"200000_Title","Ready to Play?","も～いいかい?"
"200000_Info","Play HnS/SHnS","HnS/SHnSをプレイする"
"200001_Title","Lots of Hiding Places","隠れるところがいっぱい"
"200001_Info","Play HnS/SHnS 10 times","HnS/SHnSを10回プレイする"
"200002_Title","Thin Presence...","存在感を薄く..."
"200002_Info","Play HnS/SHnS 50 times","HnS/SHnSを50回プレイする"
"200003_Title","Our Secret Hiding Spot","ウチだけの隠れスポット"
"200003_Info","Play HnS/SHnS 100 times","HnS/SHnSを100回プレイする"
"200004_Title","Curfew Is Still Far","門限はまだまだ先"
"200004_Info","Play HnS/SHnS 200 times","HnS/SHnSを200回プレイする"
"200005_Title","Oni-san This Way!","鬼さんこちら！"
"200005_Info","Win as the escaping side","逃げる側で勝利する"
"200006_Title","Unfound Crew","見つからないクルー"
"200006_Info","Win 3 times as the escaping side","逃げる側で3回勝利"
"200007_Title","Not Yet!","ま～だだよ!"
"200007_Info","Win 10 times as the escaping side","逃げる側で10回勝利"
"200008_Title","Nimble Crew","すばしっこいクルー"
"200008_Info","Win 30 times as the escaping side","逃げる側で30回勝利"
"200009_Title","Art of Hiding","隠れ身の術"
"200009_Info","Win 50 times as the escaping side","逃げる側で50回勝利"
"200010_Title","Found Everyone!!","みんなみーつけた!!"
"200010_Info","Win as the oni side","鬼側で勝利"
"200011_Title","Never Let Found Prey Escape","見つけた獲物は逃がさぬ"
"200011_Info","Win 3 times as the oni side","鬼側で3回勝利"
"200012_Title","Oni Pro","鬼のプロ"
"200012_Info","Win 5 times as the oni side","鬼側で5回勝利"
"200013_Title","Won't Let Escape","逃がさないよっ"
"200013_Info","Win 10 times as the oni side","鬼側で10回勝利"
"200014_Title","Don't Think You Can Escape Me","我から逃げられると思うな"
"200014_Info","Win 30 times as the oni side","鬼側で30回勝利"
"200015_Title","Found...","見つかった..."
"200015_Info","Kill 5 times in hide and seek","かくれんぼで5回キル"
"200016_Title","Location Is Obvious","居場所は筒抜け"
"200016_Info","Kill 50 times in hide and seek","かくれんぼで50回キル"
"200017_Title","Thoughts Are Transparent","思考はお見通し"
"200017_Info","Kill 100 times in hide and seek","かくれんぼで100回キル"
"300000_Title","Ship Turns Into Battlefield...!","船は戦場と化す...!"
"300000_Info","Play Sudden Death mode","サドンデスモードをプレイ"
"300001_Title","Task: Kill","タスク:殺れ"
"300001_Info","Play Sudden Death mode 3 times","サドンデスモードを3回プレイ"
"300002_Title","No Need for Discussion","話し合いなぞいらぬ"
"300002_Info","Play Sudden Death mode 10 times","サドンデスモードを10回プレイ"
"300003_Title","Know the Battlefield Thoroughly","戦場を知り尽くせ"
"300003_Info","Play Sudden Death mode 30 times","サドンデスモードを30回プレイ"
"300004_Title","Already Used to It","もう慣れたもんよ"
"300004_Info","Play Sudden Death mode 100 times","サドンデスモードを100回プレイ"
"300005_Title","One Who Fulfilled Ambition","野望を叶えしモノ"
"300005_Info","Win 10 times in Sudden Death mode","サドンデスモードで10回勝利"
"300006_Title","Very Strong.","とても、つよい。"
"300006_Info","Win 50 times in Sudden Death mode","サドンデスモードで50回勝利"
"300007_Title","Battle-Hardened King","歴戦の王"
"300007_Info","Win 100 times in Sudden Death mode","サドンデスモードで100回勝利"
"300008_Title","Burning Fighting Spirit","赤く燃える闘志"
"300008_Info","Win with Red team","赤チームで勝利"
"300009_Title","Other Crew Turn Pale","青ざめる他クルー"
"300009_Info","Win with Blue team","青チームで勝利"
"300010_Title","One Page of Golden Age","黄金時代の1ページ"
"300010_Info","Win with Yellow team","黄チームで勝利"
"300011_Title","Dominance Is Peace","支配とは、平和である"
"300011_Info","Win with Green team","緑チームで勝利"
"300012_Title","To a Wonderful World","素晴らしき世界へ"
"300012_Info","Win with Purple team","紫チームで勝利"
"400000_Title","Peaceful Ship","平和な船"
"400000_Info","Play Task Battle","タスクバトルをプレイする"
"400001_Title","Faster Is Better","早ければ早いほど良い"
"400001_Info","Play Task Battle 50 times","タスクバトルを50回プレイする"
"400002_Title","One Who Mastered Ship's Work","船の仕事を網羅した者"
"400002_Info","Play Task Battle 100 times","タスクバトルを100回プレイする"
"400003_Title","Quickly and Promptly!","素早く迅速に!"
"400003_Info","Win in Task Battle","タスクバトルで勝利する"
"400004_Title","Path Taken Many Times","何度も通った道"
"400004_Info","Win 5 times in Task Battle","タスクバトルで5回勝利する"
"400005_Title","Leave Ship's Work to Me","船の仕事はおまかせあれ"
"400005_Info","Win 50 times in Task Battle","タスクバトルで50回勝利する"
"400006_Title","Not Enough Work","働き足りない"
"400006_Info","Complete 100 tasks in Task Battle","タスバトでタスクを100個完了"
"400007_Title","Enough Already?","もう十分?"
"400007_Info","Complete 300 tasks in Task Battle","タスバトでタスクを300個完了"
"400008_Title","Endless Work","終わらない仕事"
"400008_Info","Complete 500 tasks in Task Battle","タスバトでタスクを500個完了"
"400009_Title","Still More Work...","まだまだ、仕事を..."
"400009_Info","Complete 1000 tasks in Task Battle","タスバトでタスクを1000個完了"
"400010_Title","Only Growth Ahead.","成長あるのみ。"
"400010_Info","Complete 2200 tasks in Task Battle","タスバトでタスクを2200個完了"
"400011_Title","Unreachable Scenery","辿り着けないこの景色"
"400011_Info","Complete 250 or more tasks in one game without bonus","1ゲームかつ追加無しでタスクを250以上完了"
"500000_Title","Lost Megaphone","失ったメガホン"
"500000_Info","Play Murder Mystery","マーダーミステリーをプレイする"
"500001_Title","Look, Don't Stop, Don't Die.","見ろ、止まるな、死ぬな。"
"500001_Info","Play Murder Mystery 10 times","マーダーミステリーを10回プレイする"
"500002_Title","Rely on Your Own Eyes","頼りになるのは己の目"
"500002_Info","Play Murder Mystery 50 times","マーダーミステリーを50回プレイする"
"500003_Title","Temporary Peace","一時の平和"
"500003_Info","Win as Crew side","クルー側で勝利"
"500004_Title","Urgent Investigation...","早急な調査を..."
"500004_Info","Win 5 times as Crew side","クルー側で5回勝利"
"500005_Title","Sink the Ambition","野望を沈めよ"
"500005_Info","Win 50 times on Crew side","クルー側で50回勝利"
"500006_Title","Desire to Accomplish","成し遂げたい欲望"
"500006_Info","Win on Killer side","殺人犯側で勝利"
"500007_Title","Unnecessary Killing","不必要な殺傷"
"500007_Info","Win 3 times on Killer side","殺人犯側で3回勝利"
"500008_Title","Hijacker","ハイジャッカー"
"500008_Info","Win 30 times on Killer side","殺人犯側で30回勝利"
"600000_Title","Remembered the Feel","覚えてしまった手応え"
"600000_Info","Kill a total of 3 times","通算3キルする"
"600001_Title","Can't Hold Back","我慢なんてできない"
"600001_Info","Kill a total of 10 times","通算10キルする"
"600002_Title","Full Corpse Storage","パンパンの死体保管室"
"600002_Info","Kill a total of 50 times","通算50キルする"
"600003_Title","Elite Killer","エリートキラー"
"600003_Info","Kill a total of 100 times","通算100キルする"
"600004_Title","Can't Stop Anymore.","もう、止まらない。"
"600004_Info","Kill a total of 300 times","通算300キルする"
"600005_Title","Not Thinking About Anything.","何も考えていない。"
"600005_Info","Kill a total of 1000 times","通算1000キルする"
"600006_Title","I'm the Bomber","俺がボマーだ"
"600006_Info","Cause explosion death a total of 3 times","通算3回爆死させる"
"600007_Title","Planned Murderer","計画殺人犯"
"600007_Info","Kill by cause of death other than kill a total of 3 times","通算3回キル以外の死因で殺害する"
"600008_Title","My Own Ability","ボクだけの能力"
"600008_Info","Kill by cause of death other than kill a total of 30 times","通算30回キル以外の死因で殺害する"
"600009_Title","Murderer Who Doesn't Get Hands Dirty","手は汚さない殺人犯"
"600009_Info","Kill by cause of death other than kill a total of 100 times","通算100回キル以外の死因で殺害する"
"600010_Title","A Bit Strong Feeling","ちょっと強い思い"
"600010_Info","Perform kill with kill power 2, 3 times","キルパワー2のキルを3回行う"
"600011_Title","Unfathomable Belief","計り知れない信念"
"600011_Info","Perform kill with kill power 3, 3 times","キルパワー3のキルを3回行う"
"600012_Title","Boom!","どっか～ん！"
"600012_Info","Perform kill with kill power 10, 3 times","キルパワー10のキルを3回行う"
"600013_Title","Big Confusion","大きな混乱"
"600013_Info","Kill 3 times in one turn","1ターンに3キルする"
"600014_Title","Divine Disappearance","神隠し"
"600014_Info","Kill 5 times in one turn","1ターンに5キルする"
"600015_Title","Which One is the Impostor?","どっちがインポスター?"
"600015_Info","Kill an Impostor","インポスターを殺害する"
"600016_Title","Unstoppable Killer","止まらない殺人犯"
"600016_Info","Kill 3 times in one game","1ゲームで3キルする"
"600017_Title","Mass Murderer","大量殺人犯"
"600017_Info","Kill 5 times in one game","1ゲームで5キルする"
"600018_Title","Ship's Collapse","船の崩壊"
"600018_Info","Kill 7 times in one game","1ゲームで7キルする"
"600019_Title","Relying on Others","他力本願"
"600019_Info","Survive and win without killing once","1度もキルせず、生存し、勝利する"
"700000_Title","Beginner Impostor","初心インポスター"
"700000_Info","Win 3 times as Impostor","インポスターで通算3勝"
"700001_Title","Reliable Senior","頼りになる先輩"
"700001_Info","Win 10 times as Impostor","インポスターで通算10勝"
"700002_Title","One Who Corners the Ship","船を追い詰めしモノ"
"700002_Info","Win 30 times as Impostor","インポスターで通算30勝"
"700003_Title","Natural Disaster","天災"
"700003_Info","Win 50 times as Impostor","インポスターで通算50勝"
"700004_Title","First Person of Collapse","崩壊の第一人者"
"700004_Info","Win 100 times as Impostor","インポスターで通算100勝"
"700005_Title","Runaway Spaceship","暴走した宇宙船"
"700005_Info","Win with sabotage","サボタージュで勝利する"
"700006_Title","Make Suspects Ambiguous","容疑者を有耶無耶に"
"700006_Info","Kill during <camouflage>","<カモフラ>中にキルを行う"
"700007_Title","Too Careful?","慎重にし過ぎだよ?"
"700007_Info","End game without <exiled>","<追放者>無しでゲームを終える"
"700008_Title","Not a Single Person Missing","誰一人欠けズ"
"700008_Info","Impostors win with <all surviving>","インポスターが<全員生存>して勝利"
"800000_Title","Crew Are Not Our Enemies","クルーは僕らの敵ではない"
"800000_Info","Win 3 times as Madmate","マッドメイトで3回勝利"
"800001_Title","Together to New Era","ともに新時代へ"
"800001_Info","Win 25 times as Madmate","マッドメイトで25回勝利"
"800002_Title","Messenger Who Respects Master","ご主人を尊敬する使者"
"800002_Info","Win 50 times as Madmate","マッドメイトで50回勝利"
"800003_Title","Even Become Sacrifice","犠牲にだってなる"
"800003_Info","Get killed by Impostor","インポスターにキルされる"
"900000_Title","Not Bowing to Impostors","インポスターに屈せず"
"900000_Info","Win 10 times as Crew","クルーで10回勝利"
"900001_Title","No Matter How Many Crises Come...","何度危機が訪れても..."
"900001_Info","Win 30 times as Crew","クルーで30回勝利"
"900002_Title","Ship's Pilot","船の操縦士"
"900002_Info","Win 50 times as Crew","クルーで50回勝利"
"900003_Title","Ship's Safety Was Protected Today Too","今日も船の安全は守られた"
"900003_Info","Win 100 times as Crew","クルーで100回勝利"
"900004_Title","One Who Protects the Ship","船を守りし者"
"900004_Info","Win 200 times as Crew","クルーで200回勝利"
"900005_Title","Little by Little...","こつこつと..."
"900005_Info","Complete 100 tasks","タスクを100個完了"
"900006_Title","Daily Routine","いつもの日課"
"900006_Info","Complete 200 tasks","タスクを200個完了"
"900007_Title","Fragile Spaceship","壊れやすい宇宙船"
"900007_Info","Complete 300 tasks","タスクを300個完了"
"900008_Title","I'm Done!!!","僕終わりました!!!"
"900008_Info","Complete all tasks 10 times","タスクを10回全完了"
"900009_Title","Speed Tasker","スピードタスカー"
"900009_Info","Complete all tasks 100 times","タスクを100回全完了"
"1000000_Title","Stick to Myself","我を貫く"
"1000000_Info","Win as Neutral","ニュートラルで勝利"
"1000001_Title","Guiding Light of My Belief","我の信じる道しるべ"
"1000001_Info","Win 5 times as Neutral","ニュートラルで5回勝利"
"1000002_Title","Become As I Wish","我の思い通りになれ"
"1000002_Info","Win 30 times as Neutral","ニュートラルで30回勝利"
"1100000_Title","Somewhat Different Atmosphere","なにやら違う雰囲気"
"1100000_Info","Turn on limited-time role names","期間限定役職名をONにする"
"1100001_Title","Unfamiliar Guest","見慣れないお客さん"
"1100001_Info","Play game with limited-time role included","期間限定役職を入れてゲームを行う"
"1100002_Title","Before I Knew It, Already This Much","気付けばもうこんなに"
"1100002_Info","Reach 30 matches without restarting","<再起動せず、試合数が30試合に到達>"
"1100003_Title","Pitiable Slot","不憫枠"
"1100003_Info","Get killed first in the game","<ゲームで一番最初にキルされる>"
"24400_Title","I see...","なるほどな..."
"24400_Info","Use Ability 3times","解析を3回使用する"
"24401_Title","I get it! I totally get it!!","わかる...!わかるぞ..!!"
"24401_Info","Analyze 3team in a 1turn","1度のターンに3陣営解析する"
"24100_Title","","幸せのおすそ分け"
"24100_Info","","能力を3回使用する"
"24101_Title","","幸福の押し売り"
"24101_Info","","デバフをプレゼントする"